Code Domaine,Domaine,Code zone (FAO),Zone,Code Élément,Élément,Code Produit,Produit,Code année,Année,Unité,Valeur,Symbole,Description du Symbole
"RL","Utilisation des terres","2","Afghanistan","5110","Superficie","6600","Superficie du pays","2013","2013","1000 ha","65286","A","Chiffre officiel"
"RL","Utilisation des terres","202","Afrique du Sud","5110","Superficie","6600","Superficie du pays","2013","2013","1000 ha","121909","A","Chiffre officiel"
"RL","Utilisation des terres","3","Albanie","5110","Superficie","6600","Superficie du pays","2013","2013","1000 ha","2875","A","Chiffre officiel"
"RL","Utilisation des terres","4","Algérie","5110","Superficie","6600","Superficie du pays","2013","2013","1000 ha","238174","A","Chiffre officiel"
"RL","Utilisation des terres","79","Allemagne","5110","Superficie","6600","Superficie du pays","2013","2013","1000 ha","35734","A","Chiffre officiel"
"RL","Utilisation des terres","6","Andorre","5110","Superficie","6600","Superficie du pays","2013","2013","1000 ha","47","A","Chiffre officiel"
"RL","Utilisation des terres","7","Angola","5110","Superficie","6600","Superficie du pays","2013","2013","1000 ha","124670","A","Chiffre officiel"
"RL","Utilisation des terres","258","Anguilla","5110","Superficie","6600","Superficie du pays","2013","2013","1000 ha","9","A","Chiffre officiel"
"RL","Utilisation des terres","8","Antigua-et-Barbuda","5110","Superficie","6600","Superficie du pays","2013","2013","1000 ha","44","A","Chiffre officiel"
"RL","Utilisation des terres","194","Arabie saoudite","5110","Superficie","6600","Superficie du pays","2013","2013","1000 ha","214969","A","Chiffre officiel"
"RL","Utilisation des terres","9","Argentine","5110","Superficie","6600","Superficie du pays","2013","2013","1000 ha","278040","A","Chiffre officiel"
"RL","Utilisation des terres","1","Arménie","5110","Superficie","6600","Superficie du pays","2013","2013","1000 ha","2974","A","Chiffre officiel"
"RL","Utilisation des terres","22","Aruba","5110","Superficie","6600","Superficie du pays","2013","2013","1000 ha","18","A","Chiffre officiel"
"RL","Utilisation des terres","10","Australie","5110","Superficie","6600","Superficie du pays","2013","2013","1000 ha","774122","A","Chiffre officiel"
"RL","Utilisation des terres","11","Autriche","5110","Superficie","6600","Superficie du pays","2013","2013","1000 ha","8387.9","A","Chiffre officiel"
"RL","Utilisation des terres","52","Azerbaïdjan","5110","Superficie","6600","Superficie du pays","2013","2013","1000 ha","8660","A","Chiffre officiel"
"RL","Utilisation des terres","12","Bahamas","5110","Superficie","6600","Superficie du pays","2013","2013","1000 ha","1388","A","Chiffre officiel"
"RL","Utilisation des terres","13","Bahreïn","5110","Superficie","6600","Superficie du pays","2013","2013","1000 ha","77","A","Chiffre officiel"
"RL","Utilisation des terres","16","Bangladesh","5110","Superficie","6600","Superficie du pays","2013","2013","1000 ha","14846","A","Chiffre officiel"
"RL","Utilisation des terres","14","Barbade","5110","Superficie","6600","Superficie du pays","2013","2013","1000 ha","43","A","Chiffre officiel"
"RL","Utilisation des terres","57","Bélarus","5110","Superficie","6600","Superficie du pays","2013","2013","1000 ha","20760","A","Chiffre officiel"
"RL","Utilisation des terres","255","Belgique","5110","Superficie","6600","Superficie du pays","2013","2013","1000 ha","3053","A","Chiffre officiel"
"RL","Utilisation des terres","23","Belize","5110","Superficie","6600","Superficie du pays","2013","2013","1000 ha","2297","A","Chiffre officiel"
"RL","Utilisation des terres","53","Bénin","5110","Superficie","6600","Superficie du pays","2013","2013","1000 ha","11476","A","Chiffre officiel"
"RL","Utilisation des terres","17","Bermudes","5110","Superficie","6600","Superficie du pays","2013","2013","1000 ha","429","A","Chiffre officiel"
"RL","Utilisation des terres","18","Bhoutan","5110","Superficie","6600","Superficie du pays","2013","2013","1000 ha","3839.4","A","Chiffre officiel"
"RL","Utilisation des terres","19","Bolivie (État plurinational de)","5110","Superficie","6600","Superficie du pays","2013","2013","1000 ha","109858","A","Chiffre officiel"
"RL","Utilisation des terres","278","Bonaire, Saint-Eustache et Saba","5110","Superficie","6600","Superficie du pays","2013","2013","1000 ha","32.2","A","Chiffre officiel"
"RL","Utilisation des terres","80","Bosnie-Herzégovine","5110","Superficie","6600","Superficie du pays","2013","2013","1000 ha","5121","A","Chiffre officiel"
"RL","Utilisation des terres","20","Botswana","5110","Superficie","6600","Superficie du pays","2013","2013","1000 ha","58173","A","Chiffre officiel"
"RL","Utilisation des terres","21","Brésil","5110","Superficie","6600","Superficie du pays","2013","2013","1000 ha","851577","A","Chiffre officiel"
"RL","Utilisation des terres","26","Brunéi Darussalam","5110","Superficie","6600","Superficie du pays","2013","2013","1000 ha","577","A","Chiffre officiel"
"RL","Utilisation des terres","27","Bulgarie","5110","Superficie","6600","Superficie du pays","2013","2013","1000 ha","11100","A","Chiffre officiel"
"RL","Utilisation des terres","233","Burkina Faso","5110","Superficie","6600","Superficie du pays","2013","2013","1000 ha","27422","I","Valeur imputée"
"RL","Utilisation des terres","29","Burundi","5110","Superficie","6600","Superficie du pays","2013","2013","1000 ha","2783","A","Chiffre officiel"
"RL","Utilisation des terres","35","Cabo Verde","5110","Superficie","6600","Superficie du pays","2013","2013","1000 ha","403","A","Chiffre officiel"
"RL","Utilisation des terres","115","Cambodge","5110","Superficie","6600","Superficie du pays","2013","2013","1000 ha","18104","A","Chiffre officiel"
"RL","Utilisation des terres","32","Cameroun","5110","Superficie","6600","Superficie du pays","2013","2013","1000 ha","47544","I","Valeur imputée"
"RL","Utilisation des terres","33","Canada","5110","Superficie","6600","Superficie du pays","2013","2013","1000 ha","987975","A","Chiffre officiel"
"RL","Utilisation des terres","40","Chili","5110","Superficie","6600","Superficie du pays","2013","2013","1000 ha","75609.6","A","Chiffre officiel"
"RL","Utilisation des terres","351","Chine","5110","Superficie","6600","Superficie du pays","2013","2013","1000 ha","960000.13","E","Valeur estimée"
"RL","Utilisation des terres","96","Chine - RAS de Hong-Kong","5110","Superficie","6600","Superficie du pays","2013","2013","1000 ha","110","A","Chiffre officiel"
"RL","Utilisation des terres","128","Chine - RAS de Macao","5110","Superficie","6600","Superficie du pays","2013","2013","1000 ha","3.03","A","Chiffre officiel"
"RL","Utilisation des terres","41","Chine, continentale","5110","Superficie","6600","Superficie du pays","2013","2013","1000 ha","956291.1","A","Chiffre officiel"
"RL","Utilisation des terres","214","Chine, Taiwan Province de","5110","Superficie","6600","Superficie du pays","2013","2013","1000 ha","3596","I","Valeur imputée"
"RL","Utilisation des terres","50","Chypre","5110","Superficie","6600","Superficie du pays","2013","2013","1000 ha","925","A","Chiffre officiel"
"RL","Utilisation des terres","44","Colombie","5110","Superficie","6600","Superficie du pays","2013","2013","1000 ha","114174.9","A","Chiffre officiel"
"RL","Utilisation des terres","45","Comores","5110","Superficie","6600","Superficie du pays","2013","2013","1000 ha","186.1","A","Chiffre officiel"
"RL","Utilisation des terres","46","Congo","5110","Superficie","6600","Superficie du pays","2013","2013","1000 ha","34200","A","Chiffre officiel"
"RL","Utilisation des terres","48","Costa Rica","5110","Superficie","6600","Superficie du pays","2013","2013","1000 ha","5110","A","Chiffre officiel"
"RL","Utilisation des terres","107","Côte d'Ivoire","5110","Superficie","6600","Superficie du pays","2013","2013","1000 ha","32246","A","Chiffre officiel"
"RL","Utilisation des terres","98","Croatie","5110","Superficie","6600","Superficie du pays","2013","2013","1000 ha","8807.3","A","Chiffre officiel"
"RL","Utilisation des terres","49","Cuba","5110","Superficie","6600","Superficie du pays","2013","2013","1000 ha","10988","A","Chiffre officiel"
"RL","Utilisation des terres","279","Curaçao","5110","Superficie","6600","Superficie du pays","2013","2013","1000 ha","44.4","A","Chiffre officiel"
"RL","Utilisation des terres","54","Danemark","5110","Superficie","6600","Superficie du pays","2013","2013","1000 ha","4292","A","Chiffre officiel"
"RL","Utilisation des terres","72","Djibouti","5110","Superficie","6600","Superficie du pays","2013","2013","1000 ha","2320","A","Chiffre officiel"
"RL","Utilisation des terres","55","Dominique","5110","Superficie","6600","Superficie du pays","2013","2013","1000 ha","75","A","Chiffre officiel"
"RL","Utilisation des terres","59","Égypte","5110","Superficie","6600","Superficie du pays","2013","2013","1000 ha","100145","A","Chiffre officiel"
"RL","Utilisation des terres","60","El Salvador","5110","Superficie","6600","Superficie du pays","2013","2013","1000 ha","2104","A","Chiffre officiel"
"RL","Utilisation des terres","225","Émirats arabes unis","5110","Superficie","6600","Superficie du pays","2013","2013","1000 ha","9864.79","A","Chiffre officiel"
"RL","Utilisation des terres","58","Équateur","5110","Superficie","6600","Superficie du pays","2013","2013","1000 ha","25637","A","Chiffre officiel"
"RL","Utilisation des terres","178","Érythrée","5110","Superficie","6600","Superficie du pays","2013","2013","1000 ha","12163.5908","I","Valeur imputée"
"RL","Utilisation des terres","203","Espagne","5110","Superficie","6600","Superficie du pays","2013","2013","1000 ha","50594","A","Chiffre officiel"
"RL","Utilisation des terres","63","Estonie","5110","Superficie","6600","Superficie du pays","2013","2013","1000 ha","4534","A","Chiffre officiel"
"RL","Utilisation des terres","209","Eswatini","5110","Superficie","6600","Superficie du pays","2013","2013","1000 ha","1736","A","Chiffre officiel"
"RL","Utilisation des terres","231","États-Unis d'Amérique","5110","Superficie","6600","Superficie du pays","2013","2013","1000 ha","983151","A","Chiffre officiel"
"RL","Utilisation des terres","238","Éthiopie","5110","Superficie","6600","Superficie du pays","2013","2013","1000 ha","113624.3504","I","Valeur imputée"
"RL","Utilisation des terres","185","Fédération de Russie","5110","Superficie","6600","Superficie du pays","2013","2013","1000 ha","1709825","A","Chiffre officiel"
"RL","Utilisation des terres","66","Fidji","5110","Superficie","6600","Superficie du pays","2013","2013","1000 ha","1827","T","Chiffre non officiel"
"RL","Utilisation des terres","67","Finlande","5110","Superficie","6600","Superficie du pays","2013","2013","1000 ha","33842","A","Chiffre officiel"
"RL","Utilisation des terres","68","France","5110","Superficie","6600","Superficie du pays","2013","2013","1000 ha","54908.7","A","Chiffre officiel"
"RL","Utilisation des terres","74","Gabon","5110","Superficie","6600","Superficie du pays","2013","2013","1000 ha","26767","A","Chiffre officiel"
"RL","Utilisation des terres","75","Gambie","5110","Superficie","6600","Superficie du pays","2013","2013","1000 ha","1130","A","Chiffre officiel"
"RL","Utilisation des terres","73","Géorgie","5110","Superficie","6600","Superficie du pays","2013","2013","1000 ha","6970","A","Chiffre officiel"
"RL","Utilisation des terres","81","Ghana","5110","Superficie","6600","Superficie du pays","2013","2013","1000 ha","23854","A","Chiffre officiel"
"RL","Utilisation des terres","82","Gibraltar","5110","Superficie","6600","Superficie du pays","2013","2013","1000 ha","1","A","Chiffre officiel"
"RL","Utilisation des terres","84","Grèce","5110","Superficie","6600","Superficie du pays","2013","2013","1000 ha","13196","A","Chiffre officiel"
"RL","Utilisation des terres","86","Grenade","5110","Superficie","6600","Superficie du pays","2013","2013","1000 ha","34","A","Chiffre officiel"
"RL","Utilisation des terres","85","Groenland","5110","Superficie","6600","Superficie du pays","2013","2013","1000 ha","41045","A","Chiffre officiel"
"RL","Utilisation des terres","87","Guadeloupe","5110","Superficie","6600","Superficie du pays","2013","2013","1000 ha","163","A","Chiffre officiel"
"RL","Utilisation des terres","88","Guam","5110","Superficie","6600","Superficie du pays","2013","2013","1000 ha","54","A","Chiffre officiel"
"RL","Utilisation des terres","89","Guatemala","5110","Superficie","6600","Superficie du pays","2013","2013","1000 ha","10889","A","Chiffre officiel"
"RL","Utilisation des terres","90","Guinée","5110","Superficie","6600","Superficie du pays","2013","2013","1000 ha","24586","A","Chiffre officiel"
"RL","Utilisation des terres","61","Guinée équatoriale","5110","Superficie","6600","Superficie du pays","2013","2013","1000 ha","2805","A","Chiffre officiel"
"RL","Utilisation des terres","175","Guinée-Bissau","5110","Superficie","6600","Superficie du pays","2013","2013","1000 ha","3613","A","Chiffre officiel"
"RL","Utilisation des terres","91","Guyana","5110","Superficie","6600","Superficie du pays","2013","2013","1000 ha","21497","A","Chiffre officiel"
"RL","Utilisation des terres","69","Guyane française","5110","Superficie","6600","Superficie du pays","2013","2013","1000 ha","8358","I","Valeur imputée"
"RL","Utilisation des terres","93","Haïti","5110","Superficie","6600","Superficie du pays","2013","2013","1000 ha","2775","A","Chiffre officiel"
"RL","Utilisation des terres","95","Honduras","5110","Superficie","6600","Superficie du pays","2013","2013","1000 ha","11249","A","Chiffre officiel"
"RL","Utilisation des terres","97","Hongrie","5110","Superficie","6600","Superficie du pays","2013","2013","1000 ha","9303","A","Chiffre officiel"
"RL","Utilisation des terres","264","Île de Man","5110","Superficie","6600","Superficie du pays","2013","2013","1000 ha","57","A","Chiffre officiel"
"RL","Utilisation des terres","161","Île Norfolk","5110","Superficie","6600","Superficie du pays","2013","2013","1000 ha","4","A","Chiffre officiel"
"RL","Utilisation des terres","259","Îles Anglo-Normandes","5110","Superficie","6600","Superficie du pays","2013","2013","1000 ha","19.8","A","Chiffre officiel"
"RL","Utilisation des terres","36","Îles Caïmanes","5110","Superficie","6600","Superficie du pays","2013","2013","1000 ha","26.4","A","Chiffre officiel"
"RL","Utilisation des terres","47","Îles Cook","5110","Superficie","6600","Superficie du pays","2013","2013","1000 ha","24","A","Chiffre officiel"
"RL","Utilisation des terres","65","Îles Falkland (Malvinas)","5110","Superficie","6600","Superficie du pays","2013","2013","1000 ha","1217","A","Chiffre officiel"
"RL","Utilisation des terres","64","Îles Féroé","5110","Superficie","6600","Superficie du pays","2013","2013","1000 ha","139.6","A","Chiffre officiel"
"RL","Utilisation des terres","163","Îles Mariannes du Nord","5110","Superficie","6600","Superficie du pays","2013","2013","1000 ha","46","A","Chiffre officiel"
"RL","Utilisation des terres","127","Îles Marshall","5110","Superficie","6600","Superficie du pays","2013","2013","1000 ha","18","A","Chiffre officiel"
"RL","Utilisation des terres","25","Îles Salomon","5110","Superficie","6600","Superficie du pays","2013","2013","1000 ha","2890","I","Valeur imputée"
"RL","Utilisation des terres","224","Îles Turques-et-Caïques","5110","Superficie","6600","Superficie du pays","2013","2013","1000 ha","95","A","Chiffre officiel"
"RL","Utilisation des terres","240","Îles Vierges américaines","5110","Superficie","6600","Superficie du pays","2013","2013","1000 ha","35","A","Chiffre officiel"
"RL","Utilisation des terres","239","Îles Vierges britanniques","5110","Superficie","6600","Superficie du pays","2013","2013","1000 ha","15","A","Chiffre officiel"
"RL","Utilisation des terres","243","Îles Wallis-et-Futuna","5110","Superficie","6600","Superficie du pays","2013","2013","1000 ha","14","A","Chiffre officiel"
"RL","Utilisation des terres","100","Inde","5110","Superficie","6600","Superficie du pays","2013","2013","1000 ha","328726","A","Chiffre officiel"
"RL","Utilisation des terres","101","Indonésie","5110","Superficie","6600","Superficie du pays","2013","2013","1000 ha","191093","A","Chiffre officiel"
"RL","Utilisation des terres","102","Iran (République islamique d')","5110","Superficie","6600","Superficie du pays","2013","2013","1000 ha","174515","A","Chiffre officiel"
"RL","Utilisation des terres","103","Iraq","5110","Superficie","6600","Superficie du pays","2013","2013","1000 ha","43505.2","A","Chiffre officiel"
"RL","Utilisation des terres","104","Irlande","5110","Superficie","6600","Superficie du pays","2013","2013","1000 ha","7028","A","Chiffre officiel"
"RL","Utilisation des terres","99","Islande","5110","Superficie","6600","Superficie du pays","2013","2013","1000 ha","10300","A","Chiffre officiel"
"RL","Utilisation des terres","105","Israël","5110","Superficie","6600","Superficie du pays","2013","2013","1000 ha","2207","A","Chiffre officiel"
"RL","Utilisation des terres","106","Italie","5110","Superficie","6600","Superficie du pays","2013","2013","1000 ha","30206.9","I","Valeur imputée"
"RL","Utilisation des terres","109","Jamaïque","5110","Superficie","6600","Superficie du pays","2013","2013","1000 ha","1099","A","Chiffre officiel"
"RL","Utilisation des terres","110","Japon","5110","Superficie","6600","Superficie du pays","2013","2013","1000 ha","37796.2","A","Chiffre officiel"
"RL","Utilisation des terres","112","Jordanie","5110","Superficie","6600","Superficie du pays","2013","2013","1000 ha","8932","A","Chiffre officiel"
"RL","Utilisation des terres","108","Kazakhstan","5110","Superficie","6600","Superficie du pays","2013","2013","1000 ha","272490.2","A","Chiffre officiel"
"RL","Utilisation des terres","114","Kenya","5110","Superficie","6600","Superficie du pays","2013","2013","1000 ha","58037","I","Valeur imputée"
"RL","Utilisation des terres","113","Kirghizistan","5110","Superficie","6600","Superficie du pays","2013","2013","1000 ha","19994.9","A","Chiffre officiel"
"RL","Utilisation des terres","83","Kiribati","5110","Superficie","6600","Superficie du pays","2013","2013","1000 ha","81","A","Chiffre officiel"
"RL","Utilisation des terres","118","Koweït","5110","Superficie","6600","Superficie du pays","2013","2013","1000 ha","1782","A","Chiffre officiel"
"RL","Utilisation des terres","122","Lesotho","5110","Superficie","6600","Superficie du pays","2013","2013","1000 ha","3036","A","Chiffre officiel"
"RL","Utilisation des terres","119","Lettonie","5110","Superficie","6600","Superficie du pays","2013","2013","1000 ha","6459.4","A","Chiffre officiel"
"RL","Utilisation des terres","121","Liban","5110","Superficie","6600","Superficie du pays","2013","2013","1000 ha","1045","A","Chiffre officiel"
"RL","Utilisation des terres","123","Libéria","5110","Superficie","6600","Superficie du pays","2013","2013","1000 ha","11137","A","Chiffre officiel"
"RL","Utilisation des terres","124","Libye","5110","Superficie","6600","Superficie du pays","2013","2013","1000 ha","175954","A","Chiffre officiel"
"RL","Utilisation des terres","125","Liechtenstein","5110","Superficie","6600","Superficie du pays","2013","2013","1000 ha","16","A","Chiffre officiel"
"RL","Utilisation des terres","126","Lituanie","5110","Superficie","6600","Superficie du pays","2013","2013","1000 ha","6530","A","Chiffre officiel"
"RL","Utilisation des terres","256","Luxembourg","5110","Superficie","6600","Superficie du pays","2013","2013","1000 ha","259","A","Chiffre officiel"
"RL","Utilisation des terres","154","Macédoine du Nord","5110","Superficie","6600","Superficie du pays","2013","2013","1000 ha","2571","A","Chiffre officiel"
"RL","Utilisation des terres","129","Madagascar","5110","Superficie","6600","Superficie du pays","2013","2013","1000 ha","58729.5","A","Chiffre officiel"
"RL","Utilisation des terres","131","Malaisie","5110","Superficie","6600","Superficie du pays","2013","2013","1000 ha","33039.6","A","Chiffre officiel"
"RL","Utilisation des terres","130","Malawi","5110","Superficie","6600","Superficie du pays","2013","2013","1000 ha","11848","A","Chiffre officiel"
"RL","Utilisation des terres","132","Maldives","5110","Superficie","6600","Superficie du pays","2013","2013","1000 ha","30","A","Chiffre officiel"
"RL","Utilisation des terres","133","Mali","5110","Superficie","6600","Superficie du pays","2013","2013","1000 ha","124019","I","Valeur imputée"
"RL","Utilisation des terres","134","Malte","5110","Superficie","6600","Superficie du pays","2013","2013","1000 ha","32","A","Chiffre officiel"
"RL","Utilisation des terres","143","Maroc","5110","Superficie","6600","Superficie du pays","2013","2013","1000 ha","44655","T","Chiffre non officiel"
"RL","Utilisation des terres","135","Martinique","5110","Superficie","6600","Superficie du pays","2013","2013","1000 ha","113","A","Chiffre officiel"
"RL","Utilisation des terres","137","Maurice","5110","Superficie","6600","Superficie du pays","2013","2013","1000 ha","204","A","Chiffre officiel"
"RL","Utilisation des terres","136","Mauritanie","5110","Superficie","6600","Superficie du pays","2013","2013","1000 ha","103070","A","Chiffre officiel"
"RL","Utilisation des terres","270","Mayotte","5110","Superficie","6600","Superficie du pays","2013","2013","1000 ha","37.4","A","Chiffre officiel"
"RL","Utilisation des terres","138","Mexique","5110","Superficie","6600","Superficie du pays","2013","2013","1000 ha","196438","A","Chiffre officiel"
"RL","Utilisation des terres","145","Micronésie (États fédérés de)","5110","Superficie","6600","Superficie du pays","2013","2013","1000 ha","70","A","Chiffre officiel"
"RL","Utilisation des terres","140","Monaco","5110","Superficie","6600","Superficie du pays","2013","2013","1000 ha","7.492","A","Chiffre officiel"
"RL","Utilisation des terres","141","Mongolie","5110","Superficie","6600","Superficie du pays","2013","2013","1000 ha","156412","A","Chiffre officiel"
"RL","Utilisation des terres","273","Monténégro","5110","Superficie","6600","Superficie du pays","2013","2013","1000 ha","1381","A","Chiffre officiel"
"RL","Utilisation des terres","142","Montserrat","5110","Superficie","6600","Superficie du pays","2013","2013","1000 ha","10","A","Chiffre officiel"
"RL","Utilisation des terres","144","Mozambique","5110","Superficie","6600","Superficie du pays","2013","2013","1000 ha","79938","A","Chiffre officiel"
"RL","Utilisation des terres","28","Myanmar","5110","Superficie","6600","Superficie du pays","2013","2013","1000 ha","67659","A","Chiffre officiel"
"RL","Utilisation des terres","147","Namibie","5110","Superficie","6600","Superficie du pays","2013","2013","1000 ha","82429","A","Chiffre officiel"
"RL","Utilisation des terres","148","Nauru","5110","Superficie","6600","Superficie du pays","2013","2013","1000 ha","2","A","Chiffre officiel"
"RL","Utilisation des terres","149","Népal","5110","Superficie","6600","Superficie du pays","2013","2013","1000 ha","14718","A","Chiffre officiel"
"RL","Utilisation des terres","157","Nicaragua","5110","Superficie","6600","Superficie du pays","2013","2013","1000 ha","13037","A","Chiffre officiel"
"RL","Utilisation des terres","158","Niger","5110","Superficie","6600","Superficie du pays","2013","2013","1000 ha","126700","A","Chiffre officiel"
"RL","Utilisation des terres","159","Nigéria","5110","Superficie","6600","Superficie du pays","2013","2013","1000 ha","92377","A","Chiffre officiel"
"RL","Utilisation des terres","160","Nioué","5110","Superficie","6600","Superficie du pays","2013","2013","1000 ha","26","A","Chiffre officiel"
"RL","Utilisation des terres","162","Norvège","5110","Superficie","6600","Superficie du pays","2013","2013","1000 ha","62521.711","A","Chiffre officiel"
"RL","Utilisation des terres","153","Nouvelle-Calédonie","5110","Superficie","6600","Superficie du pays","2013","2013","1000 ha","1858","A","Chiffre officiel"
"RL","Utilisation des terres","156","Nouvelle-Zélande","5110","Superficie","6600","Superficie du pays","2013","2013","1000 ha","26771","A","Chiffre officiel"
"RL","Utilisation des terres","221","Oman","5110","Superficie","6600","Superficie du pays","2013","2013","1000 ha","30950","A","Chiffre officiel"
"RL","Utilisation des terres","226","Ouganda","5110","Superficie","6600","Superficie du pays","2013","2013","1000 ha","24155","A","Chiffre officiel"
"RL","Utilisation des terres","235","Ouzbékistan","5110","Superficie","6600","Superficie du pays","2013","2013","1000 ha","44410.3","A","Chiffre officiel"
"RL","Utilisation des terres","165","Pakistan","5110","Superficie","6600","Superficie du pays","2013","2013","1000 ha","79610","A","Chiffre officiel"
"RL","Utilisation des terres","180","Palaos","5110","Superficie","6600","Superficie du pays","2013","2013","1000 ha","46","I","Valeur imputée"
"RL","Utilisation des terres","299","Palestine","5110","Superficie","6600","Superficie du pays","2013","2013","1000 ha","602","A","Chiffre officiel"
"RL","Utilisation des terres","166","Panama","5110","Superficie","6600","Superficie du pays","2013","2013","1000 ha","7542","I","Valeur imputée"
"RL","Utilisation des terres","168","Papouasie-Nouvelle-Guinée","5110","Superficie","6600","Superficie du pays","2013","2013","1000 ha","46284","A","Chiffre officiel"
"RL","Utilisation des terres","169","Paraguay","5110","Superficie","6600","Superficie du pays","2013","2013","1000 ha","40675.2","A","Chiffre officiel"
"RL","Utilisation des terres","150","Pays-Bas","5110","Superficie","6600","Superficie du pays","2013","2013","1000 ha","4154","A","Chiffre officiel"
"RL","Utilisation des terres","170","Pérou","5110","Superficie","6600","Superficie du pays","2013","2013","1000 ha","128522","A","Chiffre officiel"
"RL","Utilisation des terres","171","Philippines","5110","Superficie","6600","Superficie du pays","2013","2013","1000 ha","30000","A","Chiffre officiel"
"RL","Utilisation des terres","172","Pitcairn","5110","Superficie","6600","Superficie du pays","2013","2013","1000 ha","4.7","A","Chiffre officiel"
"RL","Utilisation des terres","173","Pologne","5110","Superficie","6600","Superficie du pays","2013","2013","1000 ha","31268","A","Chiffre officiel"
"RL","Utilisation des terres","70","Polynésie française","5110","Superficie","6600","Superficie du pays","2013","2013","1000 ha","347.1","I","Valeur imputée"
"RL","Utilisation des terres","177","Porto Rico","5110","Superficie","6600","Superficie du pays","2013","2013","1000 ha","887","T","Chiffre non officiel"
"RL","Utilisation des terres","174","Portugal","5110","Superficie","6600","Superficie du pays","2013","2013","1000 ha","9222.52","A","Chiffre officiel"
"RL","Utilisation des terres","179","Qatar","5110","Superficie","6600","Superficie du pays","2013","2013","1000 ha","1161","A","Chiffre officiel"
"RL","Utilisation des terres","212","République arabe syrienne","5110","Superficie","6600","Superficie du pays","2013","2013","1000 ha","18518","A","Chiffre officiel"
"RL","Utilisation des terres","37","République centrafricaine","5110","Superficie","6600","Superficie du pays","2013","2013","1000 ha","62298","A","Chiffre officiel"
"RL","Utilisation des terres","117","République de Corée","5110","Superficie","6600","Superficie du pays","2013","2013","1000 ha","10026.6","A","Chiffre officiel"
"RL","Utilisation des terres","146","République de Moldova","5110","Superficie","6600","Superficie du pays","2013","2013","1000 ha","3385","A","Chiffre officiel"
"RL","Utilisation des terres","250","République démocratique du Congo","5110","Superficie","6600","Superficie du pays","2013","2013","1000 ha","234486","I","Valeur imputée"
"RL","Utilisation des terres","120","République démocratique populaire lao","5110","Superficie","6600","Superficie du pays","2013","2013","1000 ha","23680","A","Chiffre officiel"
"RL","Utilisation des terres","56","République dominicaine","5110","Superficie","6600","Superficie du pays","2013","2013","1000 ha","4867","A","Chiffre officiel"
"RL","Utilisation des terres","116","République populaire démocratique de Corée","5110","Superficie","6600","Superficie du pays","2013","2013","1000 ha","12054","I","Valeur imputée"
"RL","Utilisation des terres","215","République-Unie de Tanzanie","5110","Superficie","6600","Superficie du pays","2013","2013","1000 ha","94730","T","Chiffre non officiel"
"RL","Utilisation des terres","182","Réunion","5110","Superficie","6600","Superficie du pays","2013","2013","1000 ha","252","A","Chiffre officiel"
"RL","Utilisation des terres","183","Roumanie","5110","Superficie","6600","Superficie du pays","2013","2013","1000 ha","23840","A","Chiffre officiel"
"RL","Utilisation des terres","229","Royaume-Uni de Grande-Bretagne et d'Irlande du Nord","5110","Superficie","6600","Superficie du pays","2013","2013","1000 ha","24361","A","Chiffre officiel"
"RL","Utilisation des terres","184","Rwanda","5110","Superficie","6600","Superficie du pays","2013","2013","1000 ha","2634","A","Chiffre officiel"
"RL","Utilisation des terres","205","Sahara occidental","5110","Superficie","6600","Superficie du pays","2013","2013","1000 ha","26600","T","Chiffre non officiel"
"RL","Utilisation des terres","282","Saint-Barthélemy","5110","Superficie","6600","Superficie du pays","2013","2013","1000 ha","2","A","Chiffre officiel"
"RL","Utilisation des terres","187","Sainte-Hélène, Ascension et Tristan da Cunha","5110","Superficie","6600","Superficie du pays","2013","2013","1000 ha","39","I","Valeur imputée"
"RL","Utilisation des terres","189","Sainte-Lucie","5110","Superficie","6600","Superficie du pays","2013","2013","1000 ha","62","A","Chiffre officiel"
"RL","Utilisation des terres","188","Saint-Kitts-et-Nevis","5110","Superficie","6600","Superficie du pays","2013","2013","1000 ha","26","A","Chiffre officiel"
"RL","Utilisation des terres","192","Saint-Marin","5110","Superficie","6600","Superficie du pays","2013","2013","1000 ha","6","A","Chiffre officiel"
"RL","Utilisation des terres","281","Saint-Martin (partie française)","5110","Superficie","6600","Superficie du pays","2013","2013","1000 ha","5","A","Chiffre officiel"
"RL","Utilisation des terres","190","Saint-Pierre-et-Miquelon","5110","Superficie","6600","Superficie du pays","2013","2013","1000 ha","24","A","Chiffre officiel"
"RL","Utilisation des terres","94","Saint-Siège","5110","Superficie","6600","Superficie du pays","2013","2013","1000 ha","0.044","A","Chiffre officiel"
"RL","Utilisation des terres","191","Saint-Vincent-et-les Grenadines","5110","Superficie","6600","Superficie du pays","2013","2013","1000 ha","39","A","Chiffre officiel"
"RL","Utilisation des terres","244","Samoa","5110","Superficie","6600","Superficie du pays","2013","2013","1000 ha","284","I","Valeur imputée"
"RL","Utilisation des terres","5","Samoa américaines","5110","Superficie","6600","Superficie du pays","2013","2013","1000 ha","20","A","Chiffre officiel"
"RL","Utilisation des terres","193","Sao Tomé-et-Principe","5110","Superficie","6600","Superficie du pays","2013","2013","1000 ha","96","I","Valeur imputée"
"RL","Utilisation des terres","195","Sénégal","5110","Superficie","6600","Superficie du pays","2013","2013","1000 ha","19671","A","Chiffre officiel"
"RL","Utilisation des terres","272","Serbie","5110","Superficie","6600","Superficie du pays","2013","2013","1000 ha","8836","A","Chiffre officiel"
"RL","Utilisation des terres","196","Seychelles","5110","Superficie","6600","Superficie du pays","2013","2013","1000 ha","46","A","Chiffre officiel"
"RL","Utilisation des terres","197","Sierra Leone","5110","Superficie","6600","Superficie du pays","2013","2013","1000 ha","7230","T","Chiffre non officiel"
"RL","Utilisation des terres","200","Singapour","5110","Superficie","6600","Superficie du pays","2013","2013","1000 ha","71.7","A","Chiffre officiel"
"RL","Utilisation des terres","280","Sint Maarten (partie néerlandaise)","5110","Superficie","6600","Superficie du pays","2013","2013","1000 ha","3.4","A","Chiffre officiel"
"RL","Utilisation des terres","199","Slovaquie","5110","Superficie","6600","Superficie du pays","2013","2013","1000 ha","4903.6","A","Chiffre officiel"
"RL","Utilisation des terres","198","Slovénie","5110","Superficie","6600","Superficie du pays","2013","2013","1000 ha","2067.5","A","Chiffre officiel"
"RL","Utilisation des terres","201","Somalie","5110","Superficie","6600","Superficie du pays","2013","2013","1000 ha","63766","A","Chiffre officiel"
"RL","Utilisation des terres","276","Soudan","5110","Superficie","6600","Superficie du pays","2013","2013","1000 ha","187800","I","Valeur imputée"
"RL","Utilisation des terres","277","Soudan du Sud","5110","Superficie","6600","Superficie du pays","2013","2013","1000 ha","64688.3","I","Valeur imputée"
"RL","Utilisation des terres","38","Sri Lanka","5110","Superficie","6600","Superficie du pays","2013","2013","1000 ha","6561","A","Chiffre officiel"
"RL","Utilisation des terres","210","Suède","5110","Superficie","6600","Superficie du pays","2013","2013","1000 ha","52844.752","A","Chiffre officiel"
"RL","Utilisation des terres","211","Suisse","5110","Superficie","6600","Superficie du pays","2013","2013","1000 ha","4129","A","Chiffre officiel"
"RL","Utilisation des terres","207","Suriname","5110","Superficie","6600","Superficie du pays","2013","2013","1000 ha","16382","A","Chiffre officiel"
"RL","Utilisation des terres","208","Tadjikistan","5110","Superficie","6600","Superficie du pays","2013","2013","1000 ha","14255","A","Chiffre officiel"
"RL","Utilisation des terres","39","Tchad","5110","Superficie","6600","Superficie du pays","2013","2013","1000 ha","128400","A","Chiffre officiel"
"RL","Utilisation des terres","167","Tchéquie","5110","Superficie","6600","Superficie du pays","2013","2013","1000 ha","7887","A","Chiffre officiel"
"RL","Utilisation des terres","216","Thaïlande","5110","Superficie","6600","Superficie du pays","2013","2013","1000 ha","51312","A","Chiffre officiel"
"RL","Utilisation des terres","176","Timor-Leste","5110","Superficie","6600","Superficie du pays","2013","2013","1000 ha","1487","I","Valeur imputée"
"RL","Utilisation des terres","217","Togo","5110","Superficie","6600","Superficie du pays","2013","2013","1000 ha","5679","I","Valeur imputée"
"RL","Utilisation des terres","218","Tokélaou","5110","Superficie","6600","Superficie du pays","2013","2013","1000 ha","1","A","Chiffre officiel"
"RL","Utilisation des terres","219","Tonga","5110","Superficie","6600","Superficie du pays","2013","2013","1000 ha","75","A","Chiffre officiel"
"RL","Utilisation des terres","220","Trinité-et-Tobago","5110","Superficie","6600","Superficie du pays","2013","2013","1000 ha","513","A","Chiffre officiel"
"RL","Utilisation des terres","222","Tunisie","5110","Superficie","6600","Superficie du pays","2013","2013","1000 ha","16361","A","Chiffre officiel"
"RL","Utilisation des terres","213","Turkménistan","5110","Superficie","6600","Superficie du pays","2013","2013","1000 ha","48810","I","Valeur imputée"
"RL","Utilisation des terres","223","Turquie","5110","Superficie","6600","Superficie du pays","2013","2013","1000 ha","78535","A","Chiffre officiel"
"RL","Utilisation des terres","227","Tuvalu","5110","Superficie","6600","Superficie du pays","2013","2013","1000 ha","3","A","Chiffre officiel"
"RL","Utilisation des terres","230","Ukraine","5110","Superficie","6600","Superficie du pays","2013","2013","1000 ha","60355","A","Chiffre officiel"
"RL","Utilisation des terres","234","Uruguay","5110","Superficie","6600","Superficie du pays","2013","2013","1000 ha","17622","A","Chiffre officiel"
"RL","Utilisation des terres","155","Vanuatu","5110","Superficie","6600","Superficie du pays","2013","2013","1000 ha","1219","I","Valeur imputée"
"RL","Utilisation des terres","236","Venezuela (République bolivarienne du)","5110","Superficie","6600","Superficie du pays","2013","2013","1000 ha","91205","I","Valeur imputée"
"RL","Utilisation des terres","237","Viet Nam","5110","Superficie","6600","Superficie du pays","2013","2013","1000 ha","33096","A","Chiffre officiel"
"RL","Utilisation des terres","249","Yémen","5110","Superficie","6600","Superficie du pays","2013","2013","1000 ha","52797","I","Valeur imputée"
"RL","Utilisation des terres","251","Zambie","5110","Superficie","6600","Superficie du pays","2013","2013","1000 ha","75261","A","Chiffre officiel"
"RL","Utilisation des terres","181","Zimbabwe","5110","Superficie","6600","Superficie du pays","2013","2013","1000 ha","39076","A","Chiffre officiel"
